{
  "summary": {
    "successRate": 1.0,
    "total": 0.3920678,
    "slowest": 0.1231718,
    "fastest": 0.0003257,
    "average": 0.0269347778,
    "requestsPerSec": 2550.5792620562056,
    "totalData": 22000,
    "sizePerRequest": 22.0,
    "sizePerSec": 56112.74376523652
  },
  "responseTimeHistogram": {
    "0.0003257": 1,
    "0.01261031": 104,
    "0.02489492": 565,
    "0.037179529999999995": 220,
    "0.04946414": 22,
    "0.06174875": 30,
    "0.07403335999999999": 26,
    "0.08631797": 0,
    "0.09860258": 0,
    "0.11088719": 0,
    "0.1231718": 32
  },
  "latencyPercentiles": {
    "p10": 0.0122435,
    "p25": 0.0175292,
    "p50": 0.0204802,
    "p75": 0.0313588,
    "p90": 0.0380385,
    "p95": 0.0627034,
    "p99": 0.1206845
  },
  "rps": {
    "mean": 3599.3568384182154,
    "stddev": 1465.1273795485588,
    "max": 6460.274359776723,
    "percentiles": {
      "p10": 1703.6287291931803,
      "p25": 2670.9401709401773,
      "p50": 3719.2003719200343,
      "p75": 4442.634482247984,
      "p90": 5871.633933994737,
      "p95": 5966.526773524788,
      "p99": 6460.274359776723
    }
  },
  "details": {
    "DNSDialup": {
      "average": 0.008977097000000003,
      "fastest": 0.0043086,
      "slowest": 0.0300866
    },
    "DNSLookup": {
      "average": 0.000020210999999999993,
      "fastest": 9.2e-6,
      "slowest": 0.0001272
    }
  },
  "statusCodeDistribution": {
    "200": 1000
  },
  "errorDistribution": {}
}