{
  "summary": {
    "successRate": 1.0,
    "total": 0.2433033,
    "slowest": 0.0427358,
    "fastest": 0.0074304,
    "average": 0.0116610405,
    "requestsPerSec": 4110.096328327647,
    "totalData": 42000,
    "sizePerRequest": 42.0,
    "sizePerSec": 172624.04578976118
  },
  "responseTimeHistogram": {
    "0.0074304": 1,
    "0.01096094": 690,
    "0.014491480000000001": 202,
    "0.01802202": 7,
    "0.02155256": 37,
    "0.0250831": 2,
    "0.02861364": 36,
    "0.03214418": 17,
    "0.03567472": 0,
    "0.039205260000000006": 0,
    "0.042735800000000004": 8
  },
  "latencyPercentiles": {
    "p10": 0.0080264,
    "p25": 0.0087833,
    "p50": 0.0099147,
    "p75": 0.0114284,
    "p90": 0.018302,
    "p95": 0.0279936,
    "p99": 0.0291327
  },
  "rps": {
    "mean": 8719.650656049611,
    "stddev": 3619.0907497217113,
    "max": 12350.443844075637,
    "percentiles": {
      "p10": 2901.353965183752,
      "p25": 9109.382664144077,
      "p50": 10230.620370027973,
      "p75": 10577.446419585747,
      "p90": 11828.74384754954,
      "p95": 12350.443844075637,
      "p99": 12350.443844075637
    }
  },
  "details": {
    "DNSDialup": {
      "average": 0.007951180000000004,
      "fastest": 0.0013682,
      "slowest": 0.0248097
    },
    "DNSLookup": {
      "average": 0.000016761999999999996,
      "fastest": 5.6e-6,
      "slowest": 0.0001409
    }
  },
  "statusCodeDistribution": {
    "200": 1000
  },
  "errorDistribution": {}
}