{
  "results": [
    {
      "command": "deno run --allow-net benchmark/deno/fetching/fetch.ts ",
      "mean": 0.3319981940000001,
      "stddev": 0.04817207564488535,
      "median": 0.33318798400000005,
      "user": 0.029375000000000002,
      "system": 0.029062499999999998,
      "min": 0.25483758400000006,
      "max": 0.4233490840000001,
      "times": [
        0.25483758400000006,
        0.32219638400000006,
        0.38115178400000005,
        0.2764243840000001,
        0.30660768400000005,
        0.33186398400000006,
        0.34776088400000005,
        0.3345119840000001,
        0.3412781840000001,
        0.4233490840000001
      ],
      "exit_codes": [
        0,
        0,
        0,
        0,
        0,
        0,
        0,
        0,
        0,
        0
      ]
    },
    {
      "command": "node benchmark/node/fetching/fetch.js ",
      "mean": 0.668763384,
      "stddev": 0.12139483938065718,
      "median": 0.661403284,
      "user": 0.14218749999999997,
      "system": 0.0728125,
      "min": 0.5308585840000001,
      "max": 0.861198584,
      "times": [
        0.767529984,
        0.861198584,
        0.844924384,
        0.661326184,
        0.669100484,
        0.556076384,
        0.532167984,
        0.5308585840000001,
        0.602970884,
        0.6614803840000001
      ],
      "exit_codes": [
        0,
        0,
        0,
        0,
        0,
        0,
        0,
        0,
        0,
        0
      ]
    }
  ]
}
