{
  "results": [
    {
      "command": "deno run --allow-read benchmark/deno/sqlite/sqlite-read.ts ",
      "mean": 0.32083637,
      "stddev": 0.039563602649550965,
      "median": 0.31184796000000004,
      "user": 0.13625,
      "system": 0.05646875,
      "min": 0.27958621,
      "max": 0.40657991000000004,
      "times": [
        0.31709221000000004,
        0.30375421,
        0.29211861,
        0.40657991000000004,
        0.32713431000000004,
        0.28539981000000003,
        0.30660371000000003,
        0.36987801000000003,
        0.32021671,
        0.27958621
      ],
      "exit_codes": [
        0,
        0,
        0,
        0,
        0,
        0,
        0,
        0,
        0,
        0
      ]
    },
    {
      "command": "node benchmark/node/sqlite/sqlite-read.js ",
      "mean": 0.26227525999999995,
      "stddev": 0.0232836594899728,
      "median": 0.26769726000000005,
      "user": 0.03156250000000001,
      "system": 0.042406250000000006,
      "min": 0.22511861,
      "max": 0.29018161000000003,
      "times": [
        0.23125441000000002,
        0.22511861,
        0.27292251,
        0.29018161000000003,
        0.26247201000000003,
        0.24757361,
        0.28722421000000004,
        0.27990851,
        0.24734241,
        0.27875471
      ],
      "exit_codes": [
        0,
        0,
        0,
        0,
        0,
        0,
        0,
        0,
        0,
        0
      ]
    }
  ]
}
