{
  "results": [
    {
      "command": "deno run --allow-read --allow-write benchmark/deno/sqlite/sqlite-write.ts ",
      "mean": 0.349325014,
      "stddev": 0.04141622682326337,
      "median": 0.34314415400000003,
      "user": 0.08375,
      "system": 0.07312500000000001,
      "min": 0.28841115399999995,
      "max": 0.414134354,
      "times": [
        0.34303435400000004,
        0.3799500539999999,
        0.399358754,
        0.31526585399999996,
        0.34325395400000003,
        0.315253154,
        0.318310454,
        0.28841115399999995,
        0.37627805400000003,
        0.414134354
      ],
      "exit_codes": [
        0,
        0,
        0,
        0,
        0,
        0,
        0,
        0,
        0,
        0
      ]
    },
    {
      "command": "node benchmark/node/sqlite/sqlite-write.js ",
      "mean": 0.292141384,
      "stddev": 0.029624635772127615,
      "median": 0.27669490399999996,
      "user": 0.052500000000000005,
      "system": 0.029374999999999995,
      "min": 0.266611854,
      "max": 0.344028054,
      "times": [
        0.32220935399999995,
        0.266611854,
        0.274443354,
        0.26885955399999995,
        0.269516954,
        0.27894645399999995,
        0.269820654,
        0.332192154,
        0.344028054,
        0.294785454
      ],
      "exit_codes": [
        0,
        0,
        0,
        0,
        0,
        0,
        0,
        0,
        0,
        0
      ]
    }
  ]
}
