{
  "summary": {
    "successRate": 1.0,
    "total": 0.4458843,
    "slowest": 0.0710216,
    "fastest": 0.0150218,
    "average": 0.02334600680000002,
    "requestsPerSec": 2242.73426985431,
    "totalData": 42000,
    "sizePerRequest": 42.0,
    "sizePerSec": 94194.83933388101
  },
  "responseTimeHistogram": {
    "0.0150218": 1,
    "0.02062178": 522,
    "0.02622176": 304,
    "0.03182174": 73,
    "0.03742172": 22,
    "0.0430217": 17,
    "0.04862168": 0,
    "0.054221660000000005": 53,
    "0.05982164": 0,
    "0.06542162": 0,
    "0.0710216": 8
  },
  "latencyPercentiles": {
    "p10": 0.0164051,
    "p25": 0.0184211,
    "p50": 0.0205118,
    "p75": 0.024349,
    "p90": 0.0329472,
    "p95": 0.0495364,
    "p99": 0.0526417
  },
  "rps": {
    "mean": 4448.584085949921,
    "stddev": 1925.0128192697057,
    "max": 9845.007649837049,
    "percentiles": {
      "p10": 2511.1153783660043,
      "p25": 3384.8757596738255,
      "p50": 4427.59184414877,
      "p75": 5547.654350874018,
      "p90": 6540.886177303149,
      "p95": 6907.460056861389,
      "p99": 9845.007649837049
    }
  },
  "details": {
    "DNSDialup": {
      "average": 0.012254955999999997,
      "fastest": 0.0058926,
      "slowest": 0.0389023
    },
    "DNSLookup": {
      "average": 0.00003795200000000001,
      "fastest": 0.0000112,
      "slowest": 0.0012962
    }
  },
  "statusCodeDistribution": {
    "200": 1000
  },
  "errorDistribution": {}
}