{
  "summary": {
    "successRate": 1.0,
    "total": 0.6116697,
    "slowest": 0.208024,
    "fastest": 0.0004265,
    "average": 0.03782210889999994,
    "requestsPerSec": 1634.8692766700722,
    "totalData": 22000,
    "sizePerRequest": 22.0,
    "sizePerSec": 35967.12408674158
  },
  "responseTimeHistogram": {
    "0.0004265": 1,
    "0.02118625": 187,
    "0.041946000000000004": 662,
    "0.06270575": 67,
    "0.0834655": 13,
    "0.10422524999999999": 0,
    "0.124985": 0,
    "0.14574475": 38,
    "0.1665045": 0,
    "0.18726425": 31,
    "0.208024": 1
  },
  "latencyPercentiles": {
    "p10": 0.0133143,
    "p25": 0.024247,
    "p50": 0.0309032,
    "p75": 0.0377575,
    "p90": 0.0484863,
    "p95": 0.1319014,
    "p99": 0.1747189
  },
  "rps": {
    "mean": 2737.61487962796,
    "stddev": 1195.1646975282642,
    "max": 4498.281014041072,
    "percentiles": {
      "p10": 911.5400976360697,
      "p25": 2436.078319917979,
      "p50": 2850.104843142443,
      "p75": 3609.0949191963928,
      "p90": 4301.161313554666,
      "p95": 4408.4200823572955,
      "p99": 4498.281014041072
    }
  },
  "details": {
    "DNSDialup": {
      "average": 0.012039615000000004,
      "fastest": 0.0040561,
      "slowest": 0.0429837
    },
    "DNSLookup": {
      "average": 0.000023551000000000005,
      "fastest": 0.0000101,
      "slowest": 0.0002611
    }
  },
  "statusCodeDistribution": {
    "200": 1000
  },
  "errorDistribution": {}
}