{
  "results": [
    {
      "command": "deno run --allow-net benchmark/deno/fetching/fetch.ts ",
      "mean": 0.264445884,
      "stddev": 0.03234997824218572,
      "median": 0.254778294,
      "user": 0.03071875,
      "system": 0.040625,
      "min": 0.22975879400000004,
      "max": 0.3335229940000001,
      "times": [
        0.22975879400000004,
        0.256712594,
        0.30092999400000003,
        0.3335229940000001,
        0.271895594,
        0.27597529400000004,
        0.252843994,
        0.23436939400000006,
        0.24227969400000005,
        0.24617049400000002
      ],
      "exit_codes": [
        0,
        0,
        0,
        0,
        0,
        0,
        0,
        0,
        0,
        0
      ]
    },
    {
      "command": "node benchmark/node/fetching/fetch.js ",
      "mean": 0.627641944,
      "stddev": 0.06533254583469697,
      "median": 0.615976844,
      "user": 0.1334375,
      "system": 0.075,
      "min": 0.49934889400000004,
      "max": 0.7399045940000001,
      "times": [
        0.7399045940000001,
        0.623172394,
        0.5978502940000001,
        0.7063678940000001,
        0.6368491940000001,
        0.6548660940000001,
        0.6026539940000001,
        0.608781294,
        0.606624794,
        0.49934889400000004
      ],
      "exit_codes": [
        0,
        0,
        0,
        0,
        0,
        0,
        0,
        0,
        0,
        0
      ]
    }
  ]
}
