{
  "results": [
    {
      "command": "deno run --allow-read --allow-write benchmark/deno/sqlite/sqlite-write.ts ",
      "mean": 0.346232832,
      "stddev": 0.04419990819551677,
      "median": 0.343471842,
      "user": 0.0746875,
      "system": 0.06312500000000001,
      "min": 0.287606542,
      "max": 0.41597584200000004,
      "times": [
        0.401364242,
        0.41597584200000004,
        0.34750264200000003,
        0.36484624200000004,
        0.37816474200000005,
        0.30739834200000005,
        0.328676642,
        0.29135204200000003,
        0.287606542,
        0.339441042
      ],
      "exit_codes": [
        0,
        0,
        0,
        0,
        0,
        0,
        0,
        0,
        0,
        0
      ]
    },
    {
      "command": "node benchmark/node/sqlite/sqlite-write.js ",
      "mean": 0.32786044200000003,
      "stddev": 0.032285305066340406,
      "median": 0.323127692,
      "user": 0.052812500000000005,
      "system": 0.07718750000000002,
      "min": 0.26614634200000004,
      "max": 0.374959442,
      "times": [
        0.341735942,
        0.374959442,
        0.345710042,
        0.305050242,
        0.32484934200000004,
        0.31585354200000004,
        0.31179364200000004,
        0.26614634200000004,
        0.321406042,
        0.371099842
      ],
      "exit_codes": [
        0,
        0,
        0,
        0,
        0,
        0,
        0,
        0,
        0,
        0
      ]
    }
  ]
}
