{
  "results": [
    {
      "command": "deno run --allow-read benchmark/deno/sqlite/sqlite-read.ts ",
      "mean": 0.325340992,
      "stddev": 0.04424983107736871,
      "median": 0.316339822,
      "user": 0.11968749999999999,
      "system": 0.04825,
      "min": 0.279494522,
      "max": 0.430963522,
      "times": [
        0.317959922,
        0.282197922,
        0.279494522,
        0.310243722,
        0.31471972200000004,
        0.293944022,
        0.346400822,
        0.430963522,
        0.351379322,
        0.326106422
      ],
      "exit_codes": [
        0,
        0,
        0,
        0,
        0,
        0,
        0,
        0,
        0,
        0
      ]
    },
    {
      "command": "node benchmark/node/sqlite/sqlite-read.js ",
      "mean": 0.27538489200000005,
      "stddev": 0.046102054140353774,
      "median": 0.25784197200000003,
      "user": 0.040374999999999994,
      "system": 0.031062500000000003,
      "min": 0.23381452200000002,
      "max": 0.363249822,
      "times": [
        0.261784422,
        0.24353062200000003,
        0.23381452200000002,
        0.253899522,
        0.23703502200000004,
        0.248108122,
        0.363249822,
        0.27400272200000003,
        0.287901722,
        0.350522422
      ],
      "exit_codes": [
        0,
        0,
        0,
        0,
        0,
        0,
        0,
        0,
        0,
        0
      ]
    }
  ]
}
