{
  "summary": {
    "successRate": 1.0,
    "total": 0.408167022,
    "slowest": 0.103452802,
    "fastest": 0.008108625,
    "average": 0.034411446681000026,
    "requestsPerSec": 2449.977450652542,
    "totalData": 42000,
    "sizePerRequest": 42.0,
    "sizePerSec": 102899.05292740677
  },
  "responseTimeHistogram": {
    "0.008108625": 1,
    "0.0176430427": 47,
    "0.0271774604": 361,
    "0.036711878100000005": 323,
    "0.046246295800000004": 131,
    "0.0557807135": 65,
    "0.0653151312": 14,
    "0.07484954889999999": 3,
    "0.0843839666": 11,
    "0.0939183843": 19,
    "0.103452802": 25
  },
  "latencyPercentiles": {
    "p10": 0.020051811,
    "p25": 0.024461378,
    "p50": 0.029182953,
    "p75": 0.039783517,
    "p90": 0.051267295,
    "p95": 0.077656002,
    "p99": 0.097665813
  },
  "rps": {
    "mean": 3245.4532032880284,
    "stddev": 2147.3499748150844,
    "max": 8956.057510916195,
    "percentiles": {
      "p10": 584.3078858484422,
      "p25": 1709.461011970748,
      "p50": 3309.3807707327155,
      "p75": 4607.692427315088,
      "p90": 6187.683155421393,
      "p95": 6903.690713055205,
      "p99": 8956.057510916195
    }
  },
  "details": {
    "DNSDialup": {
      "average": 0.04535182142,
      "fastest": 0.003698258,
      "slowest": 0.068697364
    },
    "DNSLookup": {
      "average": 0.00009533051000000002,
      "fastest": 0.0000218,
      "slowest": 0.004202566
    }
  },
  "statusCodeDistribution": {
    "200": 1000
  },
  "errorDistribution": {}
}