{
  "summary": {
    "successRate": 1.0,
    "total": 0.250344888,
    "slowest": 0.084008706,
    "fastest": 0.000378407,
    "average": 0.021373946961000003,
    "requestsPerSec": 3994.489394167298,
    "totalData": 12000,
    "sizePerRequest": 12.0,
    "sizePerSec": 47933.87273000758
  },
  "responseTimeHistogram": {
    "0.000378407": 1,
    "0.008741436900000002": 97,
    "0.017104466800000002": 421,
    "0.025467496700000005": 243,
    "0.0338305266": 136,
    "0.0421935565": 16,
    "0.050556586400000006": 10,
    "0.058919616300000005": 6,
    "0.0672826462": 23,
    "0.0756456761": 32,
    "0.084008706": 15
  },
  "latencyPercentiles": {
    "p10": 0.008776037,
    "p25": 0.012353192,
    "p50": 0.016692959,
    "p75": 0.024311278,
    "p90": 0.036217463,
    "p95": 0.065778122,
    "p99": 0.076156183
  },
  "rps": {
    "mean": 5376.579407337193,
    "stddev": 2684.5848888323085,
    "max": 10193.947532170985,
    "percentiles": {
      "p10": 1761.776716583142,
      "p25": 3828.9395389749834,
      "p50": 6123.173763425058,
      "p75": 6827.527348902164,
      "p90": 8677.014557447992,
      "p95": 10193.947532170985,
      "p99": 10193.947532170985
    }
  },
  "details": {
    "DNSDialup": {
      "average": 0.03669333638999999,
      "fastest": 0.00071721,
      "slowest": 0.056707382
    },
    "DNSLookup": {
      "average": 0.000029841489999999998,
      "fastest": 0.000021301,
      "slowest": 0.000129803
    }
  },
  "statusCodeDistribution": {
    "200": 1000
  },
  "errorDistribution": {}
}