{
  "results": [
    {
      "command": "deno run --allow-net benchmark/deno/fetching/fetch.ts ",
      "mean": 0.250112088,
      "stddev": 0.030074265523461527,
      "median": 0.24840555800000003,
      "user": 0.04187499999999999,
      "system": 0.0521875,
      "min": 0.21593535800000005,
      "max": 0.31425425800000006,
      "times": [
        0.21593535800000005,
        0.23492445800000009,
        0.22006355800000008,
        0.22329615800000005,
        0.31425425800000006,
        0.260024758,
        0.23678635800000006,
        0.260773358,
        0.2696356580000001,
        0.26542695800000005
      ],
      "exit_codes": [
        0,
        0,
        0,
        0,
        0,
        0,
        0,
        0,
        0,
        0
      ]
    },
    {
      "command": "node benchmark/node/fetching/fetch.js ",
      "mean": 0.5402675580000001,
      "stddev": 0.05414178785520276,
      "median": 0.5366987080000001,
      "user": 0.18093749999999997,
      "system": 0.08656250000000003,
      "min": 0.478535158,
      "max": 0.6059039580000001,
      "times": [
        0.478535158,
        0.5679861580000001,
        0.6059039580000001,
        0.5852593580000001,
        0.6017628580000001,
        0.5054112580000001,
        0.488569158,
        0.483511358,
        0.495086158,
        0.5906501580000001
      ],
      "exit_codes": [
        0,
        0,
        0,
        0,
        0,
        0,
        0,
        0,
        0,
        0
      ]
    }
  ]
}
