{
  "results": [
    {
      "command": "deno run --allow-net --allow-read benchmark/deno/mongodb/mongo-read.ts ",
      "mean": 0.332012882,
      "stddev": 0.035275612532462766,
      "median": 0.319654792,
      "user": 0.08281250000000001,
      "system": 0.12625,
      "min": 0.299799442,
      "max": 0.392731942,
      "times": [
        0.31264884200000004,
        0.30524814200000006,
        0.30064384200000005,
        0.30704764200000007,
        0.299799442,
        0.33392134200000007,
        0.392731942,
        0.32666074200000006,
        0.35136844200000006,
        0.39005844200000006
      ],
      "exit_codes": [
        0,
        0,
        0,
        0,
        0,
        0,
        0,
        0,
        0,
        0
      ]
    },
    {
      "command": "node benchmark/node/mongodb/mongo-read.js ",
      "mean": 1.0039337019999999,
      "stddev": 0.5839364822265084,
      "median": 0.858372192,
      "user": 0.109375,
      "system": 0.1403125,
      "min": 0.707026342,
      "max": 2.649056142,
      "times": [
        0.906131842,
        0.892949542,
        2.649056142,
        0.823794842,
        0.707026342,
        0.9117365419999999,
        0.756691942,
        0.754075242,
        0.720407042,
        0.917467542
      ],
      "exit_codes": [
        0,
        0,
        0,
        0,
        0,
        0,
        0,
        0,
        0,
        0
      ]
    }
  ]
}
