{
  "results": [
    {
      "command": "deno run --allow-net --allow-read benchmark/deno/mongodb/mongo-write.ts ",
      "mean": 0.36484084,
      "stddev": 0.05197870320403776,
      "median": 0.35277102000000005,
      "user": 0.0721875,
      "system": 0.12000000000000004,
      "min": 0.31029787000000003,
      "max": 0.4436939700000001,
      "times": [
        0.37100737000000006,
        0.32180517000000003,
        0.31459667,
        0.31029787000000003,
        0.33542787,
        0.41841587,
        0.32500557,
        0.43804387,
        0.4436939700000001,
        0.37011417
      ],
      "exit_codes": [
        0,
        0,
        0,
        0,
        0,
        0,
        0,
        0,
        0,
        0
      ]
    },
    {
      "command": "node benchmark/node/mongodb/mongo-write.js ",
      "mean": 0.8590628800000001,
      "stddev": 0.08276769316025358,
      "median": 0.8522008200000001,
      "user": 0.09249999999999999,
      "system": 0.09812500000000002,
      "min": 0.74683047,
      "max": 1.00480397,
      "times": [
        0.9120445699999999,
        0.8183916700000001,
        0.76920827,
        0.74683047,
        0.90942057,
        1.00480397,
        0.9348989700000001,
        0.81711237,
        0.79190797,
        0.88600997
      ],
      "exit_codes": [
        0,
        0,
        0,
        0,
        0,
        0,
        0,
        0,
        0,
        0
      ]
    }
  ]
}
