{
  "results": [
    {
      "command": "deno run --allow-read benchmark/deno/sqlite/sqlite-read.ts ",
      "mean": 0.271486212,
      "stddev": 0.03173259798205414,
      "median": 0.26010358200000006,
      "user": 0.13999999999999996,
      "system": 0.08750000000000001,
      "min": 0.24596563200000005,
      "max": 0.350504232,
      "times": [
        0.28151613200000003,
        0.25239363200000003,
        0.24832943200000002,
        0.26327553200000003,
        0.26495723200000004,
        0.25534363200000004,
        0.256931632,
        0.24596563200000005,
        0.350504232,
        0.29564503200000003
      ],
      "exit_codes": [
        0,
        0,
        0,
        0,
        0,
        0,
        0,
        0,
        0,
        0
      ]
    },
    {
      "command": "node benchmark/node/sqlite/sqlite-read.js ",
      "mean": 0.20255796200000004,
      "stddev": 0.016680813037342573,
      "median": 0.197458282,
      "user": 0.025437500000000002,
      "system": 0.023437499999999997,
      "min": 0.188871432,
      "max": 0.24009053200000002,
      "times": [
        0.24009053200000002,
        0.22455473200000003,
        0.202668032,
        0.198940132,
        0.19891063200000003,
        0.19227953200000003,
        0.188871432,
        0.193923232,
        0.196005932,
        0.18933543200000003
      ],
      "exit_codes": [
        0,
        0,
        0,
        0,
        0,
        0,
        0,
        0,
        0,
        0
      ]
    }
  ]
}
