{
  "results": [
    {
      "command": "deno run --allow-read --allow-write benchmark/deno/sqlite/sqlite-write.ts ",
      "mean": 0.290837468,
      "stddev": 0.045042529100865696,
      "median": 0.27103949800000005,
      "user": 0.10218750000000001,
      "system": 0.08249999999999999,
      "min": 0.24434489799999998,
      "max": 0.376270198,
      "times": [
        0.330540298,
        0.344960598,
        0.29753629800000003,
        0.266967298,
        0.275111698,
        0.252973698,
        0.24434489799999998,
        0.265982098,
        0.253687598,
        0.376270198
      ],
      "exit_codes": [
        0,
        0,
        0,
        0,
        0,
        0,
        0,
        0,
        0,
        0
      ]
    },
    {
      "command": "node benchmark/node/sqlite/sqlite-write.js ",
      "mean": 0.23305320799999998,
      "stddev": 0.027320030809501506,
      "median": 0.221958698,
      "user": 0.03540625000000001,
      "system": 0.05593749999999999,
      "min": 0.20884999799999998,
      "max": 0.289653498,
      "times": [
        0.289653498,
        0.270621198,
        0.24694729799999998,
        0.215651998,
        0.22380299799999998,
        0.22170689799999999,
        0.20938079799999998,
        0.221993298,
        0.22192409800000001,
        0.20884999799999998
      ],
      "exit_codes": [
        0,
        0,
        0,
        0,
        0,
        0,
        0,
        0,
        0,
        0
      ]
    }
  ]
}
