{
  "results": [
    {
      "command": "deno run --allow-net benchmark/deno/fetching/fetch.ts ",
      "mean": 0.266826608,
      "stddev": 0.03745744340869605,
      "median": 0.273478388,
      "user": 0.044375000000000005,
      "system": 0.07062500000000002,
      "min": 0.221951238,
      "max": 0.31936063800000003,
      "times": [
        0.31936063800000003,
        0.273325838,
        0.290274138,
        0.273630938,
        0.317825438,
        0.283108038,
        0.22298673800000002,
        0.240834738,
        0.221951238,
        0.224968338
      ],
      "exit_codes": [
        0,
        0,
        0,
        0,
        0,
        0,
        0,
        0,
        0,
        0
      ]
    },
    {
      "command": "node benchmark/node/fetching/fetch.js ",
      "mean": 0.5813377980000001,
      "stddev": 0.11266071690056534,
      "median": 0.541907188,
      "user": 0.20218750000000002,
      "system": 0.08937500000000001,
      "min": 0.500193538,
      "max": 0.879840438,
      "times": [
        0.547120538,
        0.879840438,
        0.536693838,
        0.5124682380000001,
        0.5211974380000001,
        0.500193538,
        0.549119838,
        0.592761338,
        0.533197738,
        0.640785038
      ],
      "exit_codes": [
        0,
        0,
        0,
        0,
        0,
        0,
        0,
        0,
        0,
        0
      ]
    }
  ]
}
