{
  "results": [
    {
      "command": "deno run --allow-read benchmark/deno/sqlite/sqlite-read.ts ",
      "mean": 0.32247484,
      "stddev": 0.06380073669353581,
      "median": 0.32414606,
      "user": 0.15999999999999998,
      "system": 0.10718749999999999,
      "min": 0.24125661000000004,
      "max": 0.44178871,
      "times": [
        0.36798241000000004,
        0.44178871,
        0.38117741000000005,
        0.33532401,
        0.31296811,
        0.34555561,
        0.26832321000000003,
        0.26592411,
        0.26444821,
        0.24125661000000004
      ],
      "exit_codes": [
        0,
        0,
        0,
        0,
        0,
        0,
        0,
        0,
        0,
        0
      ]
    },
    {
      "command": "node benchmark/node/sqlite/sqlite-read.js ",
      "mean": 0.22909898,
      "stddev": 0.02784760259236571,
      "median": 0.23429411,
      "user": 0.031875,
      "system": 0.043125,
      "min": 0.18370761000000002,
      "max": 0.27526721000000004,
      "times": [
        0.20958571000000004,
        0.25662211,
        0.24337541000000001,
        0.24213321,
        0.21127261000000003,
        0.27526721000000004,
        0.24070871,
        0.20043771,
        0.18370761000000002,
        0.22787951
      ],
      "exit_codes": [
        0,
        0,
        0,
        0,
        0,
        0,
        0,
        0,
        0,
        0
      ]
    }
  ]
}
