{
  "results": [
    {
      "command": "deno run --allow-read --allow-write benchmark/deno/sqlite/sqlite-write.ts ",
      "mean": 0.30294884600000005,
      "stddev": 0.03946854324985208,
      "median": 0.28970945600000003,
      "user": 0.1015625,
      "system": 0.08531249999999999,
      "min": 0.25791175600000005,
      "max": 0.35729615600000003,
      "times": [
        0.26947665600000004,
        0.35125215600000004,
        0.348290256,
        0.32853135600000005,
        0.29598775600000005,
        0.35729615600000003,
        0.283431156,
        0.25791175600000005,
        0.27545885600000003,
        0.26185235600000006
      ],
      "exit_codes": [
        0,
        0,
        0,
        0,
        0,
        0,
        0,
        0,
        0,
        0
      ]
    },
    {
      "command": "node benchmark/node/sqlite/sqlite-write.js ",
      "mean": 0.24540698600000002,
      "stddev": 0.022393631451178758,
      "median": 0.24461675600000002,
      "user": 0.0309375,
      "system": 0.0446875,
      "min": 0.21921015600000004,
      "max": 0.28351535600000005,
      "times": [
        0.21921015600000004,
        0.257607456,
        0.27262995600000006,
        0.25800985600000004,
        0.22333325600000004,
        0.24444035600000003,
        0.28351535600000005,
        0.244793156,
        0.22165755600000003,
        0.228872756
      ],
      "exit_codes": [
        0,
        0,
        0,
        0,
        0,
        0,
        0,
        0,
        0,
        0
      ]
    }
  ]
}
