{
  "results": [
    {
      "command": "node benchmark/node/mongodb/mongo-write.js deno run --allow-net --allow-read benchmark/deno/mongodb/mongo-write.ts ",
      "mean": 0.8479343140000001,
      "stddev": 0.06950111186052266,
      "median": 0.814268164,
      "user": 0.12374999999999996,
      "system": 0.125625,
      "min": 0.769321914,
      "max": 0.9797614139999999,
      "times": [
        0.810894514,
        0.914071114,
        0.9797614139999999,
        0.816857214,
        0.808060014,
        0.769321914,
        0.9050689139999999,
        0.888889314,
        0.811679114,
        0.774739614
      ],
      "exit_codes": [
        0,
        0,
        0,
        0,
        0,
        0,
        0,
        0,
        0,
        0
      ]
    }
  ]
}
