{
  "summary": {
    "successRate": 1.0,
    "total": 0.074810875,
    "slowest": 0.036429667,
    "fastest": 0.002270917,
    "average": 0.0069630109519999974,
    "requestsPerSec": 13367.040553930161,
    "totalData": 22000,
    "sizePerRequest": 22.0,
    "sizePerSec": 294074.8921864635
  },
  "responseTimeHistogram": {
    "0.002270917": 1,
    "0.0056867919999999995": 709,
    "0.009102667": 90,
    "0.012518542": 99,
    "0.015934417": 1,
    "0.019350292": 0,
    "0.022766167": 1,
    "0.026182042000000003": 13,
    "0.029597917": 20,
    "0.033013792": 3,
    "0.036429667": 63
  },
  "latencyPercentiles": {
    "p10": 0.002470916,
    "p25": 0.002715667,
    "p50": 0.003110292,
    "p75": 0.006803417,
    "p90": 0.021995291,
    "p95": 0.034274333,
    "p99": 0.03600075
  },
  "rps": {
    "mean": 16542.335443448796,
    "stddev": 13681.78326940593,
    "max": 37690.298416947306,
    "percentiles": {
      "p10": 41.42158893215144,
      "p25": 4620.812602040851,
      "p50": 14126.58160623482,
      "p75": 31426.97691698553,
      "p90": 37690.298416947306,
      "p95": 37690.298416947306,
      "p99": 37690.298416947306
    }
  },
  "details": {
    "DNSDialup": {
      "average": 0.002937577059999999,
      "fastest": 0.00226875,
      "slowest": 0.003333708
    },
    "DNSLookup": {
      "average": 0.000019183760000000008,
      "fastest": 2.708e-6,
      "slowest": 0.000239208
    }
  },
  "statusCodeDistribution": {
    "200": 1000
  },
  "errorDistribution": {}
}