{
  "summary": {
    "successRate": 1.0,
    "total": 0.054482584,
    "slowest": 0.016506875,
    "fastest": 0.001230334,
    "average": 0.005141143144000003,
    "requestsPerSec": 18354.48920704642,
    "totalData": 42000,
    "sizePerRequest": 42.0,
    "sizePerSec": 770888.5466959496
  },
  "responseTimeHistogram": {
    "0.001230334": 1,
    "0.0027579881": 250,
    "0.0042856422": 191,
    "0.0058132963": 309,
    "0.007340950400000001": 149,
    "0.0088686045": 0,
    "0.0103962586": 0,
    "0.0119239127": 1,
    "0.0134515668": 39,
    "0.0149792209": 0,
    "0.016506875": 60
  },
  "latencyPercentiles": {
    "p10": 0.002055458,
    "p25": 0.002643459,
    "p50": 0.004503959,
    "p75": 0.005810083,
    "p90": 0.011909667,
    "p95": 0.015861708,
    "p99": 0.01615775
  },
  "rps": {
    "mean": 20949.2656687949,
    "stddev": 10678.496511977513,
    "max": 27398.997907020996,
    "percentiles": {
      "p10": 70.63414416386443,
      "p25": 19167.72532388689,
      "p50": 26502.235021820146,
      "p75": 27235.849306654578,
      "p90": 27398.997907020996,
      "p95": 27398.997907020996,
      "p99": 27398.997907020996
    }
  },
  "details": {
    "DNSDialup": {
      "average": 0.002790458320000001,
      "fastest": 0.001791708,
      "slowest": 0.003730333
    },
    "DNSLookup": {
      "average": 0.000013819149999999998,
      "fastest": 3.041e-6,
      "slowest": 0.000649167
    }
  },
  "statusCodeDistribution": {
    "200": 1000
  },
  "errorDistribution": {}
}