{
  "summary": {
    "successRate": 1.0,
    "total": 0.032776667,
    "slowest": 0.007314125,
    "fastest": 0.0005135,
    "average": 0.002690167287,
    "requestsPerSec": 30509.50848663166,
    "totalData": 12000,
    "sizePerRequest": 12.0,
    "sizePerSec": 366114.10183957993
  },
  "responseTimeHistogram": {
    "0.0005135": 1,
    "0.0011935625": 8,
    "0.0018736249999999999": 49,
    "0.0025536875": 842,
    "0.00323375": 0,
    "0.0039138125": 0,
    "0.004593875": 0,
    "0.0052739375": 0,
    "0.005954": 19,
    "0.0066340625": 40,
    "0.007314125": 41
  },
  "latencyPercentiles": {
    "p10": 0.002126792,
    "p25": 0.002291708,
    "p50": 0.002352958,
    "p75": 0.002387625,
    "p90": 0.005287084,
    "p95": 0.006417834,
    "p99": 0.00716225
  },
  "rps": {
    "mean": 33481.89216631273,
    "stddev": 22331.602875832163,
    "max": 45990.92284417548,
    "percentiles": {
      "p10": 98.60352754119779,
      "p25": 42006.649652640015,
      "p50": 45831.392640894235,
      "p75": 45990.92284417548,
      "p90": 45990.92284417548,
      "p95": 45990.92284417548,
      "p99": 45990.92284417548
    }
  },
  "details": {
    "DNSDialup": {
      "average": 0.0034373504400000005,
      "fastest": 0.002546208,
      "slowest": 0.004055166
    },
    "DNSLookup": {
      "average": 0.00004844295,
      "fastest": 2.5e-6,
      "slowest": 0.000594791
    }
  },
  "statusCodeDistribution": {
    "200": 1000
  },
  "errorDistribution": {}
}