{
  "summary": {
    "successRate": 1.0,
    "total": 0.5111918,
    "slowest": 0.2034664,
    "fastest": 0.0004518,
    "average": 0.03152011330000002,
    "requestsPerSec": 1956.2129126484424,
    "totalData": 22000,
    "sizePerRequest": 22.0,
    "sizePerSec": 43036.68407826573
  },
  "responseTimeHistogram": {
    "0.0004518": 1,
    "0.02075326": 227,
    "0.04105472": 667,
    "0.06135618": 29,
    "0.08165764": 6,
    "0.1019591": 0,
    "0.12226056": 35,
    "0.14256202": 2,
    "0.16286348": 0,
    "0.18316494": 32,
    "0.2034664": 1
  },
  "latencyPercentiles": {
    "p10": 0.0154526,
    "p25": 0.0210436,
    "p50": 0.0231501,
    "p75": 0.0255979,
    "p90": 0.0462398,
    "p95": 0.1187539,
    "p99": 0.1787176
  },
  "rps": {
    "mean": 3300.7404398382505,
    "stddev": 1495.0314130170814,
    "max": 5262.6785009462565,
    "percentiles": {
      "p10": 1040.7451735442555,
      "p25": 2277.2441205697323,
      "p50": 3857.420109213199,
      "p75": 4571.080298643923,
      "p90": 4860.956393170351,
      "p95": 5117.399157134269,
      "p99": 5262.6785009462565
    }
  },
  "details": {
    "DNSDialup": {
      "average": 0.012498384999999999,
      "fastest": 0.0017979,
      "slowest": 0.038517
    },
    "DNSLookup": {
      "average": 0.00002366,
      "fastest": 0.0000105,
      "slowest": 0.0001543
    }
  },
  "statusCodeDistribution": {
    "200": 1000
  },
  "errorDistribution": {}
}