{
  "summary": {
    "successRate": 1.0,
    "total": 0.3974997,
    "slowest": 0.0690689,
    "fastest": 0.0124488,
    "average": 0.019694303999999985,
    "requestsPerSec": 2515.7251691007564,
    "totalData": 42000,
    "sizePerRequest": 42.0,
    "sizePerSec": 105660.45710223177
  },
  "responseTimeHistogram": {
    "0.0124488": 1,
    "0.018110809999999998": 623,
    "0.02377282": 259,
    "0.02943483": 18,
    "0.035096840000000004": 37,
    "0.04075885": 1,
    "0.046420859999999994": 25,
    "0.05208287": 28,
    "0.05774488": 0,
    "0.06340689000000001": 0,
    "0.0690689": 8
  },
  "latencyPercentiles": {
    "p10": 0.0137646,
    "p25": 0.0153933,
    "p50": 0.0172388,
    "p75": 0.0202436,
    "p90": 0.0294076,
    "p95": 0.0447936,
    "p99": 0.0486444
  },
  "rps": {
    "mean": 5409.836982425392,
    "stddev": 2412.9320281998034,
    "max": 10285.696740815767,
    "percentiles": {
      "p10": 3313.7520710950507,
      "p25": 4147.812971342359,
      "p50": 5368.610846619802,
      "p75": 7490.1768172887905,
      "p90": 7986.622407467488,
      "p95": 8747.925171593899,
      "p99": 10285.696740815767
    }
  },
  "details": {
    "DNSDialup": {
      "average": 0.011981743999999997,
      "fastest": 0.0016465,
      "slowest": 0.0386794
    },
    "DNSLookup": {
      "average": 0.000022095,
      "fastest": 0.0000104,
      "slowest": 0.0003057
    }
  },
  "statusCodeDistribution": {
    "200": 1000
  },
  "errorDistribution": {}
}