{
  "results": [
    {
      "command": "node benchmark/node/sqlite/sqlite-write.js deno run --allow-read --allow-write benchmark/deno/sqlite/sqlite-write.ts ",
      "mean": 0.342071334,
      "stddev": 0.05635652924044382,
      "median": 0.326093604,
      "user": 0.0313125,
      "system": 0.06500000000000002,
      "min": 0.288065404,
      "max": 0.45721050399999996,
      "times": [
        0.288065404,
        0.28873920399999997,
        0.30807930399999994,
        0.342277904,
        0.45721050399999996,
        0.325532504,
        0.40514440399999996,
        0.383711304,
        0.32665470399999996,
        0.295298104
      ],
      "exit_codes": [
        0,
        0,
        0,
        0,
        0,
        0,
        0,
        0,
        0,
        0
      ]
    }
  ]
}
