{
  "results": [
    {
      "command": "node benchmark/node/sqlite/sqlite-read.js deno run --allow-read benchmark/deno/sqlite/sqlite-read.ts ",
      "mean": 0.3248422819999999,
      "stddev": 0.049260706344758744,
      "median": 0.3103112619999999,
      "user": 0.052812499999999984,
      "system": 0.05806250000000002,
      "min": 0.25709711199999996,
      "max": 0.4286803119999999,
      "times": [
        0.4286803119999999,
        0.29663021199999995,
        0.31452031199999997,
        0.37688491199999996,
        0.3559731119999999,
        0.3070859119999999,
        0.31016641199999995,
        0.29092841199999997,
        0.25709711199999996,
        0.3104561119999999
      ],
      "exit_codes": [
        0,
        0,
        0,
        0,
        0,
        0,
        0,
        0,
        0,
        0
      ]
    }
  ]
}
