{
  "results": [
    {
      "command": "deno run --allow-net --allow-read benchmark/deno/mongodb/mongo-read.ts ",
      "mean": 0.38327053800000005,
      "stddev": 0.0976179540054868,
      "median": 0.362399908,
      "user": 0.07625,
      "system": 0.11468750000000001,
      "min": 0.31816655800000004,
      "max": 0.6530415580000001,
      "times": [
        0.6530415580000001,
        0.33371015800000003,
        0.343651558,
        0.31816655800000004,
        0.32319165800000005,
        0.37107125799999996,
        0.387259958,
        0.357531858,
        0.367267958,
        0.377812858
      ],
      "exit_codes": [
        0,
        0,
        0,
        0,
        0,
        0,
        0,
        0,
        0,
        0
      ]
    },
    {
      "command": "node benchmark/node/mongodb/mongo-read.js ",
      "mean": 0.858481838,
      "stddev": 0.10140663076609273,
      "median": 0.833715108,
      "user": 0.0996875,
      "system": 0.11937500000000001,
      "min": 0.764361358,
      "max": 1.085604658,
      "times": [
        0.9319602579999999,
        0.8456111580000001,
        0.773059358,
        0.764361358,
        0.773295558,
        0.8943678580000001,
        1.085604658,
        0.914856358,
        0.7798827580000001,
        0.8218190580000001
      ],
      "exit_codes": [
        0,
        0,
        0,
        0,
        0,
        0,
        0,
        0,
        0,
        0
      ]
    }
  ]
}
