{
  "results": [
    {
      "command": "node benchmark/node/mongodb/mongo-write.js deno run --allow-net --allow-read benchmark/deno/mongodb/mongo-write.ts ",
      "mean": 0.898004094,
      "stddev": 0.07324247882656697,
      "median": 0.871464614,
      "user": 0.12437500000000001,
      "system": 0.12437499999999999,
      "min": 0.805865864,
      "max": 1.042696064,
      "times": [
        0.9126857640000001,
        1.042696064,
        0.863620464,
        0.870149064,
        0.872780164,
        0.942501464,
        0.982775264,
        0.865091464,
        0.821875364,
        0.805865864
      ],
      "exit_codes": [
        0,
        0,
        0,
        0,
        0,
        0,
        0,
        0,
        0,
        0
      ]
    }
  ]
}
