{
  "results": [
    {
      "command": "deno run --allow-net --allow-read benchmark/deno/mongodb/mongo-write.ts ",
      "mean": 0.43161253200000005,
      "stddev": 0.08811589761331379,
      "median": 0.382902782,
      "user": 0.05343749999999999,
      "system": 0.09906250000000001,
      "min": 0.333451732,
      "max": 0.571186332,
      "times": [
        0.373072132,
        0.37182483200000005,
        0.36400043200000004,
        0.36922033200000004,
        0.333451732,
        0.571186332,
        0.46858093200000006,
        0.553553732,
        0.518501432,
        0.392733432
      ],
      "exit_codes": [
        0,
        0,
        0,
        0,
        0,
        0,
        0,
        0,
        0,
        0
      ]
    },
    {
      "command": "node benchmark/node/mongodb/mongo-write.js ",
      "mean": 0.9802667920000001,
      "stddev": 0.09281611615419667,
      "median": 1.0032619820000002,
      "user": 0.0878125,
      "system": 0.10218750000000001,
      "min": 0.8034941320000001,
      "max": 1.084166032,
      "times": [
        1.044041032,
        0.981462032,
        1.054994432,
        1.084166032,
        0.993023432,
        0.8034941320000001,
        0.858362332,
        1.054338332,
        1.0135005320000001,
        0.915285632
      ],
      "exit_codes": [
        0,
        0,
        0,
        0,
        0,
        0,
        0,
        0,
        0,
        0
      ]
    }
  ]
}
