{
  "results": [
    {
      "command": "deno run --allow-net --allow-read benchmark/deno/mongodb/mongo-read.ts ",
      "mean": 0.430028816,
      "stddev": 0.07600997664597577,
      "median": 0.415588736,
      "user": 0.056999999999999995,
      "system": 0.09,
      "min": 0.327077236,
      "max": 0.545369336,
      "times": [
        0.545369336,
        0.42366873600000005,
        0.406460836,
        0.368762636,
        0.337149936,
        0.327077236,
        0.531578536,
        0.407508736,
        0.474442636,
        0.47826953600000005
      ],
      "exit_codes": [
        0,
        0,
        0,
        0,
        0,
        0,
        0,
        0,
        0,
        0
      ]
    },
    {
      "command": "node benchmark/node/mongodb/mongo-read.js ",
      "mean": 1.0867595159999999,
      "stddev": 0.07636467854705546,
      "median": 1.082375736,
      "user": 0.1315625,
      "system": 0.12593749999999998,
      "min": 0.9798598359999999,
      "max": 1.213289936,
      "times": [
        1.106939136,
        1.009309436,
        0.9798598359999999,
        1.154844536,
        1.156707636,
        1.057812336,
        1.015057736,
        1.213289936,
        1.1264690359999998,
        1.0473055359999999
      ],
      "exit_codes": [
        0,
        0,
        0,
        0,
        0,
        0,
        0,
        0,
        0,
        0
      ]
    }
  ]
}
