{
  "results": [
    {
      "command": "node benchmark/node/fetching/fetch.js deno run --allow-net benchmark/deno/fetching/fetch.ts ",
      "mean": 0.718046212,
      "stddev": 0.09127190658030844,
      "median": 0.7147438420000001,
      "user": 0.11749999999999998,
      "system": 0.09440625000000001,
      "min": 0.578246542,
      "max": 0.839756442,
      "times": [
        0.839756442,
        0.818453742,
        0.7387468420000001,
        0.656046042,
        0.578246542,
        0.697238942,
        0.732248742,
        0.826325042,
        0.6898505420000001,
        0.603549242
      ],
      "exit_codes": [
        0,
        0,
        0,
        0,
        0,
        0,
        0,
        0,
        0,
        0
      ]
    }
  ]
}
