{
  "results": [
    {
      "command": "node benchmark/node/fetching/fetch.js deno run --allow-net benchmark/deno/fetching/fetch.ts ",
      "mean": 1.477298796,
      "stddev": 0.6265863102215864,
      "median": 1.1330487960000002,
      "user": 0.4203125,
      "system": 0.25218749999999995,
      "min": 0.7166644960000002,
      "max": 2.436030496,
      "times": [
        1.076872896,
        1.002851396,
        1.064747896,
        0.7166644960000002,
        1.095380696,
        2.388094496,
        2.042816196,
        2.436030496,
        1.7788124960000002,
        1.170716896
      ],
      "exit_codes": [
        0,
        0,
        0,
        0,
        0,
        0,
        0,
        0,
        0,
        0
      ]
    }
  ]
}
