{
  "results": [
    {
      "command": "node benchmark/node/mongodb/mongo-read.js deno run --allow-net --allow-read benchmark/deno/mongodb/mongo-read.ts ",
      "mean": 0.781636446,
      "stddev": 0.06906526412078166,
      "median": 0.788039846,
      "user": 0.11875000000000002,
      "system": 0.1121875,
      "min": 0.6908155460000001,
      "max": 0.891020046,
      "times": [
        0.780694646,
        0.891020046,
        0.845198946,
        0.740185446,
        0.701661846,
        0.6908155460000001,
        0.7969072460000001,
        0.795385046,
        0.858228446,
        0.716267246
      ],
      "exit_codes": [
        0,
        0,
        0,
        0,
        0,
        0,
        0,
        0,
        0,
        0
      ]
    }
  ]
}
