{
  "results": [
    {
      "command": "node benchmark/node/mongodb/mongo-write.js deno run --allow-net --allow-read benchmark/deno/mongodb/mongo-write.ts ",
      "mean": 1.071627882,
      "stddev": 0.07643118298157352,
      "median": 1.095682482,
      "user": 0.1109375,
      "system": 0.11499999999999999,
      "min": 0.919534532,
      "max": 1.155382332,
      "times": [
        1.131262732,
        1.125970932,
        0.9814737320000001,
        0.919534532,
        1.0742347319999999,
        1.058070732,
        1.155382332,
        1.024262532,
        1.1171302319999998,
        1.128956332
      ],
      "exit_codes": [
        0,
        0,
        0,
        0,
        0,
        0,
        0,
        0,
        0,
        0
      ]
    }
  ]
}
