{
  "summary": {
    "successRate": 1.0,
    "total": 0.4145856,
    "slowest": 0.1138229,
    "fastest": 0.0002805,
    "average": 0.022887633100000016,
    "requestsPerSec": 2412.047114033869,
    "totalData": 22000,
    "sizePerRequest": 22.0,
    "sizePerSec": 53065.03650874512
  },
  "responseTimeHistogram": {
    "0.0002805": 1,
    "0.01163474": 48,
    "0.02298898": 746,
    "0.03434322": 119,
    "0.04569746": 2,
    "0.057051700000000004": 32,
    "0.06840594": 7,
    "0.07976018": 25,
    "0.09111442": 7,
    "0.10246866": 0,
    "0.1138229": 13
  },
  "latencyPercentiles": {
    "p10": 0.0149902,
    "p25": 0.0164696,
    "p50": 0.0184923,
    "p75": 0.0207961,
    "p90": 0.0282213,
    "p95": 0.0629177,
    "p99": 0.1094105
  },
  "rps": {
    "mean": 4343.5116542240685,
    "stddev": 1931.5559599488045,
    "max": 6702.546967847775,
    "percentiles": {
      "p10": 1451.032824435393,
      "p25": 2714.7956362173936,
      "p50": 4931.661265323379,
      "p75": 5904.132893025133,
      "p90": 6243.541164312774,
      "p95": 6696.76830196336,
      "p99": 6702.546967847775
    }
  },
  "details": {
    "DNSDialup": {
      "average": 0.009416564999999995,
      "fastest": 0.0013412,
      "slowest": 0.0320976
    },
    "DNSLookup": {
      "average": 0.000034172000000000004,
      "fastest": 9.5e-6,
      "slowest": 0.0008145
    }
  },
  "statusCodeDistribution": {
    "200": 1000
  },
  "errorDistribution": {}
}