{
  "summary": {
    "successRate": 1.0,
    "total": 0.8729934,
    "slowest": 0.5700681,
    "fastest": 0.0116049,
    "average": 0.07001767129999986,
    "requestsPerSec": 1145.484032296235,
    "totalData": 42000,
    "sizePerRequest": 42.0,
    "sizePerSec": 48110.32935644187
  },
  "responseTimeHistogram": {
    "0.0116049": 1,
    "0.06745121999999999": 899,
    "0.12329753999999998": 0,
    "0.17914385999999996": 0,
    "0.23499017999999997": 0,
    "0.29083649999999994": 0,
    "0.3466828199999999": 0,
    "0.4025291399999999": 0,
    "0.4583754599999999": 0,
    "0.51422178": 0,
    "0.5700681": 100
  },
  "latencyPercentiles": {
    "p10": 0.0139944,
    "p25": 0.015127,
    "p50": 0.0177106,
    "p75": 0.0209398,
    "p90": 0.5331383,
    "p95": 0.5429765,
    "p99": 0.5500207
  },
  "rps": {
    "mean": 5253.154012385065,
    "stddev": 2024.1762197030973,
    "max": 8122.935975284963,
    "percentiles": {
      "p10": 3373.3018491827297,
      "p25": 4332.40639987105,
      "p50": 5610.716468454709,
      "p75": 6738.915172186231,
      "p90": 7611.211108254076,
      "p95": 7695.31594948849,
      "p99": 8122.935975284963
    }
  },
  "details": {
    "DNSDialup": {
      "average": 0.5109765869999999,
      "fastest": 0.5051164,
      "slowest": 0.5340433
    },
    "DNSLookup": {
      "average": 0.00007623000000000001,
      "fastest": 7.4e-6,
      "slowest": 0.0060127
    }
  },
  "statusCodeDistribution": {
    "200": 1000
  },
  "errorDistribution": {}
}