{
  "results": [
    {
      "command": "node benchmark/node/mongodb/mongo-write.js deno run --allow-net --allow-read benchmark/deno/mongodb/mongo-write.ts ",
      "mean": 0.847408218,
      "stddev": 0.05706151347891634,
      "median": 0.8519781980000001,
      "user": 0.1015625,
      "system": 0.13624999999999995,
      "min": 0.7543579480000001,
      "max": 0.938792648,
      "times": [
        0.7835708480000001,
        0.9008021479999999,
        0.8917598480000001,
        0.8744704480000001,
        0.802308448,
        0.7543579480000001,
        0.8568970480000001,
        0.847059348,
        0.938792648,
        0.8240634480000001
      ],
      "exit_codes": [
        0,
        0,
        0,
        0,
        0,
        0,
        0,
        0,
        0,
        0
      ]
    }
  ]
}
